{"timestamps": [1503306868.649893, 1503306872.096578, 1503306872.218835, 1503306872.252782, 1503306872.284899, 1503306872.317721, 1503306872.341319, 1503306872.374118, 1503306875.746534, 1503306875.854381, 1503306875.887644, 1503306875.920341, 1503306875.953599, 1503306875.980493, 1503306876.013864, 1503306876.041199, 1503306876.074817, 1503306876.107689, 1503306876.140957, 1503306876.175301, 1503306876.208242, 1503306876.235452, 1503306876.268885, 1503306876.294348, 1503306876.329507, 1503306876.363147, 1503306876.396363, 1503306879.761571, 1503306879.87772, 1503306879.910594, 1503306879.943821, 1503306879.972574, 1503306880.001914, 1503306880.024826, 1503306880.058433, 1503306880.091589, 1503306880.122119, 1503306880.153183, 1503306880.186677, 1503306880.219982, 1503306880.25341, 1503306880.286219, 1503306880.319227, 1503306880.354128, 1503306880.387239, 1503306880.419682, 1503306880.452916, 1503306880.486097, 1503306880.516156, 1503306880.541745, 1503306880.575093, 1503306880.608205, 1503306880.641843, 1503306880.675549, 1503306880.709122, 1503306880.74195, 1503306880.775296, 1503306880.80827, 1503306880.842417, 1503306880.87512, 1503306880.907693, 1503306880.940826, 1503306880.974333, 1503306881.007326, 1503306884.377487, 1503306884.482351, 1503306884.509546, 1503306884.542629, 1503306884.57814, 1503306884.611808, 1503306884.639895, 1503306884.669972, 1503306884.703032, 1503306884.736647, 1503306884.770702, 1503306884.80489, 1503306884.838213, 1503306884.873204, 1503306884.906222, 1503306884.933376, 1503306884.966355, 1503306884.999303, 1503306885.031143, 1503306885.064216, 1503306885.098174, 1503306885.130236, 1503306885.163648, 1503306885.196835, 1503306885.228688, 1503306885.252148, 1503306885.284963, 1503306885.317481, 1503306885.354344, 1503306885.387116, 1503306885.419511, 1503306885.452848, 1503306885.485036, 1503306885.508171, 1503306885.541366, 1503306885.575082], "initial_reset_timestamp": 1503306865.009375, "episode_types": ["t", "t", "t", "t", "t", "t", "t", "t", "t", "t", "t", "t", "t", "t", "t", "t", "t", "t", "t", "t", "t", "t", "t", "t", "t", "t", "t", "t", "t", "t", "t", "t", "t", "t", "t", "t", "t", "t", "t", "t", "t", "t", "t", "t", "t", "t", "t", "t", "t", "t", "t", "t", "t", "t", "t", "t", "t", "t", "t", "t", "t", "t", "t", "t", "t", "t", "t", "t", "t", "t", "t", "t", "t", "t", "t", "t", "t", "t", "t", "t", "t", "t", "t", "t", "t", "t", "t", "t", "t", "t", "t", "t", "t", "t", "t", "t", "t", "t", "t", "t"], "episode_lengths": [200, 200, 200, 200, 200, 200, 134, 200, 200, 200, 200, 200, 200, 157, 200, 167, 200, 200, 200, 200, 200, 165, 200, 153, 200, 200, 200, 200, 200, 200, 200, 165, 172, 145, 200, 200, 189, 185, 200, 200, 200, 200, 200, 200, 200, 200, 200, 200, 182, 154, 200, 200, 200, 200, 200, 200, 200, 200, 200, 200, 200, 200, 200, 200, 200, 139, 159, 200, 200, 200, 165, 177, 200, 200, 200, 200, 200, 199, 200, 167, 200, 200, 200, 200, 200, 200, 200, 200, 200, 138, 200, 200, 200, 200, 200, 200, 189, 139, 200, 200], "episode_rewards": [200.0, 200.0, 200.0, 200.0, 200.0, 200.0, 134.0, 200.0, 200.0, 200.0, 200.0, 200.0, 200.0, 157.0, 200.0, 167.0, 200.0, 200.0, 200.0, 200.0, 200.0, 165.0, 200.0, 153.0, 200.0, 200.0, 200.0, 200.0, 200.0, 200.0, 200.0, 165.0, 172.0, 145.0, 200.0, 200.0, 189.0, 185.0, 200.0, 200.0, 200.0, 200.0, 200.0, 200.0, 200.0, 200.0, 200.0, 200.0, 182.0, 154.0, 200.0, 200.0, 200.0, 200.0, 200.0, 200.0, 200.0, 200.0, 200.0, 200.0, 200.0, 200.0, 200.0, 200.0, 200.0, 139.0, 159.0, 200.0, 200.0, 200.0, 165.0, 177.0, 200.0, 200.0, 200.0, 200.0, 200.0, 199.0, 200.0, 167.0, 200.0, 200.0, 200.0, 200.0, 200.0, 200.0, 200.0, 200.0, 200.0, 138.0, 200.0, 200.0, 200.0, 200.0, 200.0, 200.0, 189.0, 139.0, 200.0, 200.0]}