{"timestamps": [1503308030.977867, 1503308033.21499, 1503308033.330774, 1503308033.38977, 1503308033.477334, 1503308033.519421, 1503308033.587767, 1503308033.610853, 1503308041.976335, 1503308042.093986, 1503308042.166875, 1503308042.192834, 1503308042.283256, 1503308042.369675, 1503308042.390375, 1503308042.475912, 1503308042.526041, 1503308042.585294, 1503308042.632818, 1503308042.723273, 1503308042.746713, 1503308042.776534, 1503308042.809249, 1503308042.867248, 1503308042.957601, 1503308042.983906, 1503308043.005829, 1503308047.440722, 1503308047.552809, 1503308047.609169, 1503308047.641483, 1503308047.7294, 1503308047.817688, 1503308047.886555, 1503308047.922105, 1503308047.947512, 1503308047.983463, 1503308048.014929, 1503308048.059753, 1503308048.099304, 1503308048.132319, 1503308048.160079, 1503308048.19027, 1503308048.229328, 1503308048.271064, 1503308048.356125, 1503308048.419786, 1503308048.474665, 1503308048.503495, 1503308048.590633, 1503308048.612125, 1503308048.639803, 1503308048.730129, 1503308048.817873, 1503308048.905627, 1503308048.936308, 1503308048.964863, 1503308049.032871, 1503308049.055684, 1503308049.142232, 1503308049.227743, 1503308049.252312, 1503308049.341537, 1503308049.380947, 1503308053.172734, 1503308053.297949, 1503308053.384046, 1503308053.470482, 1503308053.500745, 1503308053.532969, 1503308053.622578, 1503308053.708552, 1503308053.737481, 1503308053.828379, 1503308053.928599, 1503308054.020343, 1503308054.04869, 1503308054.071556, 1503308054.095459, 1503308054.117378, 1503308054.20715, 1503308054.250609, 1503308054.271574, 1503308054.347752, 1503308054.37177, 1503308054.460063, 1503308054.49278, 1503308054.538876, 1503308054.578643, 1503308054.638659, 1503308054.664108, 1503308054.687656, 1503308054.720183, 1503308054.765744, 1503308054.854126, 1503308054.873957, 1503308054.961967, 1503308055.003416, 1503308055.047187, 1503308055.072055], "initial_reset_timestamp": 1503308027.961539, "episode_types": ["t", "t", "t", "t", "t", "t", "t", "t", "t", "t", "t", "t", "t", "t", "t", "t", "t", "t", "t", "t", "t", "t", "t", "t", "t", "t", "t", "t", "t", "t", "t", "t", "t", "t", "t", "t", "t", "t", "t", "t", "t", "t", "t", "t", "t", "t", "t", "t", "t", "t", "t", "t", "t", "t", "t", "t", "t", "t", "t", "t", "t", "t", "t", "t", "t", "t", "t", "t", "t", "t", "t", "t", "t", "t", "t", "t", "t", "t", "t", "t", "t", "t", "t", "t", "t", "t", "t", "t", "t", "t", "t", "t", "t", "t", "t", "t", "t", "t", "t", "t"], "episode_lengths": [163, 127, 188, 343, 500, 233, 376, 128, 500, 219, 415, 148, 500, 500, 121, 500, 256, 299, 258, 500, 128, 165, 187, 305, 500, 142, 121, 265, 127, 305, 177, 500, 500, 361, 209, 144, 205, 179, 257, 227, 181, 154, 141, 197, 237, 476, 365, 321, 162, 500, 123, 163, 500, 500, 500, 173, 162, 388, 131, 500, 500, 139, 475, 225, 225, 233, 500, 500, 169, 175, 500, 500, 166, 500, 500, 500, 159, 131, 139, 125, 500, 242, 116, 411, 141, 500, 185, 265, 229, 343, 134, 135, 175, 249, 500, 115, 500, 182, 239, 140], "episode_rewards": [163.0, 127.0, 188.0, 343.0, 500.0, 233.0, 376.0, 128.0, 500.0, 219.0, 415.0, 148.0, 500.0, 500.0, 121.0, 500.0, 256.0, 299.0, 258.0, 500.0, 128.0, 165.0, 187.0, 305.0, 500.0, 142.0, 121.0, 265.0, 127.0, 305.0, 177.0, 500.0, 500.0, 361.0, 209.0, 144.0, 205.0, 179.0, 257.0, 227.0, 181.0, 154.0, 141.0, 197.0, 237.0, 476.0, 365.0, 321.0, 162.0, 500.0, 123.0, 163.0, 500.0, 500.0, 500.0, 173.0, 162.0, 388.0, 131.0, 500.0, 500.0, 139.0, 475.0, 225.0, 225.0, 233.0, 500.0, 500.0, 169.0, 175.0, 500.0, 500.0, 166.0, 500.0, 500.0, 500.0, 159.0, 131.0, 139.0, 125.0, 500.0, 242.0, 116.0, 411.0, 141.0, 500.0, 185.0, 265.0, 229.0, 343.0, 134.0, 135.0, 175.0, 249.0, 500.0, 115.0, 500.0, 182.0, 239.0, 140.0]}